project_id,project_name,project_type,launch_status,city,locality,state,latitude,longitude,address,postal_code,price_min,price_max,price_label,site_plan_url,has_rera_disclaimer,available_bhk_types,highlights,government_charges,bhk,property_type,area_sqft,area_type,price,price_authentic,possession,possession_raw,floorplan_2d_url,floorplan_3d_url,sellers
428567,Polaris Callisto,Residential,NEW LAUNCH,Ahmedabad North,Motera,Gujarat,23.104529,72.611897,"Polaris Callisto, Koteshwar Bhat Rd, opposite Polaris Celestia, Koteshwar, Ahmedabad, Gujarat 380005",0,19995000,21027000,2 - 2.1 Cr,https://www.99acres.com/exidmicrosite/siteplan_g2c.php?live=2&g2c=1&xid_request=1&code=58722,True,4,"Two-level basement parking with wide driveways for hassle-free access | Serene greenery with a common plot and beautifully landscaped surroundings | Modern lifestyle with fitness center, yoga space & jogging track | Family-friendly with clubhouse, kids' play area & guest rooms","Stamp Duty: 5.9 % for Male, 4.9 % for Female, 5.9 % for Joint (Male and Female), 4.9 % For Joint (Female and Female) | Registration Charges: Male Ownership: 1%, Female Ownership: No registration charges,  Joint (Male + Female) Ownership: 1 % ",4,Apartment,1938.04,Carpet Area,19995000,True,Dec ‘27 possession,12-2027,https://imagecdn.99acres.com/projects/example/o7ts6dz_1735365195_544268633.jpg,https://www.99acres.com/exidmicrosite/property_2d3d_xid.php?projectCode=58722&bno=101&blockId=123632&fno=F1_101&measurement=1&jquery=1&compare=1&g2c=1&hide_button=1&switch_HD=1&platform=DESKTOP,POLARIS GROUP (Builder)
428567,Polaris Callisto,Residential,NEW LAUNCH,Ahmedabad North,Motera,Gujarat,23.104529,72.611897,"Polaris Callisto, Koteshwar Bhat Rd, opposite Polaris Celestia, Koteshwar, Ahmedabad, Gujarat 380005",0,19995000,21027000,2 - 2.1 Cr,https://www.99acres.com/exidmicrosite/siteplan_g2c.php?live=2&g2c=1&xid_request=1&code=58722,True,4,"Two-level basement parking with wide driveways for hassle-free access | Serene greenery with a common plot and beautifully landscaped surroundings | Modern lifestyle with fitness center, yoga space & jogging track | Family-friendly with clubhouse, kids' play area & guest rooms","Stamp Duty: 5.9 % for Male, 4.9 % for Female, 5.9 % for Joint (Male and Female), 4.9 % For Joint (Female and Female) | Registration Charges: Male Ownership: 1%, Female Ownership: No registration charges,  Joint (Male + Female) Ownership: 1 % ",4,Apartment,2009.73,Carpet Area,21027000,True,Dec ‘27 possession,12-2027,https://imagecdn.99acres.com/projects/example/cbkruea_1735365230_544268863.jpg,https://www.99acres.com/exidmicrosite/property_2d3d_xid.php?projectCode=58722&bno=102&blockId=123632&fno=F1_102&measurement=1&jquery=1&compare=1&g2c=1&hide_button=1&switch_HD=1&platform=DESKTOP,POLARIS GROUP (Builder)
449709,Harvi Helios,Residential,NEW LAUNCH,Ahmedabad West,South Bopal,Gujarat,23.010563,72.466006,"Harvi Helios, Near Samay Shine Flat, VIP Road, Bopal, Ahmedabad",380058,8109084,8334068,81.09 - 83.34 L,https://www.99acres.com/exidmicrosite/siteplan_g2c.php?live=2&g2c=1&xid_request=1&code=60867,True,3,"Spacious Clubhouse and expansive Event Lawn | Strategic South Bopal location, near top educational institutions | Towering architectural statement, embodying modern elegance | Get Unit of your choice","Stamp Duty: 5.9 % for Male, 4.9 % for Female, 5.9 % for Joint (Male and Female), 4.9 % For Joint (Female and Female) | Registration Charges: Male Ownership: 1%, Female Ownership: No registration charges,  Joint (Male + Female) Ownership: 1 % ",3,Apartment,845.93,Carpet Area,8109084,True,Dec ‘29 possession,12-2029,https://imagecdn.99acres.com/projects/example/7nymrpy_1754567892_629758615.jpg,https://www.99acres.com/exidmicrosite/property_2d3d_xid.php?projectCode=60867&bno=101&blockId=127697&fno=F1_101&measurement=1&jquery=1&compare=1&g2c=1&hide_button=1&switch_HD=1&platform=DESKTOP,The Habitat Realtors (Dealer) | Krunal Kshatriya (Dealer) | Solanki Mehul (Dealer) | Kunal Shah (RERA REGISTERED Dealer)
449709,Harvi Helios,Residential,NEW LAUNCH,Ahmedabad West,South Bopal,Gujarat,23.010563,72.466006,"Harvi Helios, Near Samay Shine Flat, VIP Road, Bopal, Ahmedabad",380058,8109084,8334068,81.09 - 83.34 L,https://www.99acres.com/exidmicrosite/siteplan_g2c.php?live=2&g2c=1&xid_request=1&code=60867,True,3,"Spacious Clubhouse and expansive Event Lawn | Strategic South Bopal location, near top educational institutions | Towering architectural statement, embodying modern elegance | Get Unit of your choice","Stamp Duty: 5.9 % for Male, 4.9 % for Female, 5.9 % for Joint (Male and Female), 4.9 % For Joint (Female and Female) | Registration Charges: Male Ownership: 1%, Female Ownership: No registration charges,  Joint (Male + Female) Ownership: 1 % ",3,Apartment,869.4,Carpet Area,8334068,True,Dec ‘29 possession,12-2029,https://imagecdn.99acres.com/projects/example/zlg4xrn_1754567919_629758843.jpg,https://www.99acres.com/exidmicrosite/property_2d3d_xid.php?projectCode=60867&bno=102&blockId=127697&fno=F1_102&measurement=1&jquery=1&compare=1&g2c=1&hide_button=1&switch_HD=1&platform=DESKTOP,The Habitat Realtors (Dealer) | Krunal Kshatriya (Dealer) | Solanki Mehul (Dealer) | Kunal Shah (RERA REGISTERED Dealer)
379963,Vishwanath Maher Select,Residential,NEW LAUNCH,Ahmedabad West,Shela,Gujarat,23.002245,72.456793,"Shela, Ahmedabad West",382465,8619765,8652996,86.2 - 86.53 L,https://www.99acres.com/exidmicrosite/siteplan_g2c.php?live=2&g2c=1&xid_request=1&code=48944,True,3,56% open space | Ample parking space available | All units with spacious balconies | 8.89% price appreciation in the last 1 year,"Stamp Duty: 5.9 % for Male, 4.9 % for Female, 5.9 % for Joint (Male and Female), 4.9 % For Joint (Female and Female) | Registration Charges: Male Ownership: 1%, Female Ownership: No registration charges,  Joint (Male + Female) Ownership: 1 % ",3,Apartment,865.53,Carpet Area,8619765,True,Apr ‘25 possession,04-2025,https://newprojects.99acres.com/projects/unknown/maher_select/maps/mxabgcs4.jpg,https://www.99acres.com/exidmicrosite/property_2d3d_xid.php?projectCode=48944&bno=101&blockId=100654&fno=F1_101&measurement=1&jquery=1&compare=1&g2c=1&hide_button=1&switch_HD=1&platform=DESKTOP,Proptiger Marketing Services Pvt Ltd (Dealer) | ESTATE (Dealer) | Realty Lacasa (RERA REGISTERED Dealer) | NARAN DESAI (Dealer)
379963,Vishwanath Maher Select,Residential,NEW LAUNCH,Ahmedabad West,Shela,Gujarat,23.002245,72.456793,"Shela, Ahmedabad West",382465,8619765,8652996,86.2 - 86.53 L,https://www.99acres.com/exidmicrosite/siteplan_g2c.php?live=2&g2c=1&xid_request=1&code=48944,True,3,56% open space | Ample parking space available | All units with spacious balconies | 8.89% price appreciation in the last 1 year,"Stamp Duty: 5.9 % for Male, 4.9 % for Female, 5.9 % for Joint (Male and Female), 4.9 % For Joint (Female and Female) | Registration Charges: Male Ownership: 1%, Female Ownership: No registration charges,  Joint (Male + Female) Ownership: 1 % ",3,Apartment,868.86,Carpet Area,8652996,True,Apr ‘25 possession,04-2025,https://newprojects.99acres.com/projects/unknown/maher_select/maps/xcxa1obn.jpg,https://www.99acres.com/exidmicrosite/property_2d3d_xid.php?projectCode=48944&bno=102&blockId=100654&fno=F1_102&measurement=1&jquery=1&compare=1&g2c=1&hide_button=1&switch_HD=1&platform=DESKTOP,Proptiger Marketing Services Pvt Ltd (Dealer) | ESTATE (Dealer) | Realty Lacasa (RERA REGISTERED Dealer) | NARAN DESAI (Dealer)
408242,Sheetal Dharohar,Residential,NEW LAUNCH,Ahmedabad North,SG Highway,Gujarat,23.131606,72.544818,"Bh Zydus Corporate park, near nirma university, S G Highway,Ahmedabad",0,13800000,19500000,1.38 - 1.95 Cr,https://www.99acres.com/exidmicrosite/siteplan_g2c.php?live=2&g2c=1&xid_request=1&code=54731,True,"3,4",First 22 storey project in Vaishnodevi area | 360 degree open view  | Situated close to SG Highway | Water available from both municipal corporation and borewell,"Stamp Duty: 5.9 % for Male, 4.9 % for Female, 5.9 % for Joint (Male and Female), 4.9 % For Joint (Female and Female) | Registration Charges: Male Ownership: 1%, Female Ownership: No registration charges,  Joint (Male + Female) Ownership: 1 % ",3,Apartment,2300.0,Super Built-up Area,13800000,True,Apr ‘26 possession,04-2026,https://newprojects.99acres.com/projects/sheetal_infrastructure_ahmedabad/sheetal_dharohar/maps/qw3jft1_1695294107_446725630.jpg,https://www.99acres.com/exidmicrosite/property_2d3d_xid.php?projectCode=54731&bno=101&blockId=114600&fno=F1_101&measurement=1&jquery=1&compare=1&g2c=1&hide_button=1&switch_HD=1&platform=DESKTOP,Proptiger Marketing Services Pvt Ltd (Dealer) | Galaxy Space Realtors (RERA REGISTERED Dealer) | BHAVESH PANDYA (Dealer)
408242,Sheetal Dharohar,Residential,NEW LAUNCH,Ahmedabad North,SG Highway,Gujarat,23.131606,72.544818,"Bh Zydus Corporate park, near nirma university, S G Highway,Ahmedabad",0,13800000,19500000,1.38 - 1.95 Cr,https://www.99acres.com/exidmicrosite/siteplan_g2c.php?live=2&g2c=1&xid_request=1&code=54731,True,"3,4",First 22 storey project in Vaishnodevi area | 360 degree open view  | Situated close to SG Highway | Water available from both municipal corporation and borewell,"Stamp Duty: 5.9 % for Male, 4.9 % for Female, 5.9 % for Joint (Male and Female), 4.9 % For Joint (Female and Female) | Registration Charges: Male Ownership: 1%, Female Ownership: No registration charges,  Joint (Male + Female) Ownership: 1 % ",3,Apartment,2390.0,Super Built-up Area,14340000,True,Apr ‘26 possession,04-2026,https://newprojects.99acres.com/projects/sheetal_infrastructure_ahmedabad/sheetal_dharohar/maps/obqoor2_1695294671_446728196.jpg,https://www.99acres.com/exidmicrosite/property_2d3d_xid.php?projectCode=54731&bno=102&blockId=114600&fno=F1_102&measurement=1&jquery=1&compare=1&g2c=1&hide_button=1&switch_HD=1&platform=DESKTOP,Proptiger Marketing Services Pvt Ltd (Dealer) | Galaxy Space Realtors (RERA REGISTERED Dealer) | BHAVESH PANDYA (Dealer)
408242,Sheetal Dharohar,Residential,NEW LAUNCH,Ahmedabad North,SG Highway,Gujarat,23.131606,72.544818,"Bh Zydus Corporate park, near nirma university, S G Highway,Ahmedabad",0,13800000,19500000,1.38 - 1.95 Cr,https://www.99acres.com/exidmicrosite/siteplan_g2c.php?live=2&g2c=1&xid_request=1&code=54731,True,"3,4",First 22 storey project in Vaishnodevi area | 360 degree open view  | Situated close to SG Highway | Water available from both municipal corporation and borewell,"Stamp Duty: 5.9 % for Male, 4.9 % for Female, 5.9 % for Joint (Male and Female), 4.9 % For Joint (Female and Female) | Registration Charges: Male Ownership: 1%, Female Ownership: No registration charges,  Joint (Male + Female) Ownership: 1 % ",3,Apartment,2350.0,Super Built-up Area,14100000,True,Apr ‘26 possession,04-2026,,,Proptiger Marketing Services Pvt Ltd (Dealer) | Galaxy Space Realtors (RERA REGISTERED Dealer)
408242,Sheetal Dharohar,Residential,NEW LAUNCH,Ahmedabad North,SG Highway,Gujarat,23.131606,72.544818,"Bh Zydus Corporate park, near nirma university, S G Highway,Ahmedabad",0,13800000,19500000,1.38 - 1.95 Cr,https://www.99acres.com/exidmicrosite/siteplan_g2c.php?live=2&g2c=1&xid_request=1&code=54731,True,"3,4",First 22 storey project in Vaishnodevi area | 360 degree open view  | Situated close to SG Highway | Water available from both municipal corporation and borewell,"Stamp Duty: 5.9 % for Male, 4.9 % for Female, 5.9 % for Joint (Male and Female), 4.9 % For Joint (Female and Female) | Registration Charges: Male Ownership: 1%, Female Ownership: No registration charges,  Joint (Male + Female) Ownership: 1 % ",3,Apartment,2440.0,Super Built-up Area,14640000,True,Apr ‘26 possession,04-2026,,,Proptiger Marketing Services Pvt Ltd (Dealer) | Galaxy Space Realtors (RERA REGISTERED Dealer)
408242,Sheetal Dharohar,Residential,NEW LAUNCH,Ahmedabad North,SG Highway,Gujarat,23.131606,72.544818,"Bh Zydus Corporate park, near nirma university, S G Highway,Ahmedabad",0,13800000,19500000,1.38 - 1.95 Cr,https://www.99acres.com/exidmicrosite/siteplan_g2c.php?live=2&g2c=1&xid_request=1&code=54731,True,"3,4",First 22 storey project in Vaishnodevi area | 360 degree open view  | Situated close to SG Highway | Water available from both municipal corporation and borewell,"Stamp Duty: 5.9 % for Male, 4.9 % for Female, 5.9 % for Joint (Male and Female), 4.9 % For Joint (Female and Female) | Registration Charges: Male Ownership: 1%, Female Ownership: No registration charges,  Joint (Male + Female) Ownership: 1 % ",4,Apartment,3200.0,Super Built-up Area,19200000,True,Apr ‘26 possession,04-2026,https://newprojects.99acres.com/projects/sheetal_infrastructure_ahmedabad/sheetal_dharohar/maps/12g4kqy_1695294102_446725592.jpg,https://www.99acres.com/exidmicrosite/property_2d3d_xid.php?projectCode=54731&bno=103&blockId=114600&fno=F1_103&measurement=1&jquery=1&compare=1&g2c=1&hide_button=1&switch_HD=1&platform=DESKTOP,Proptiger Marketing Services Pvt Ltd (Dealer) | Galaxy Space Realtors (RERA REGISTERED Dealer) | BHAVESH PANDYA (Dealer)
408242,Sheetal Dharohar,Residential,NEW LAUNCH,Ahmedabad North,SG Highway,Gujarat,23.131606,72.544818,"Bh Zydus Corporate park, near nirma university, S G Highway,Ahmedabad",0,13800000,19500000,1.38 - 1.95 Cr,https://www.99acres.com/exidmicrosite/siteplan_g2c.php?live=2&g2c=1&xid_request=1&code=54731,True,"3,4",First 22 storey project in Vaishnodevi area | 360 degree open view  | Situated close to SG Highway | Water available from both municipal corporation and borewell,"Stamp Duty: 5.9 % for Male, 4.9 % for Female, 5.9 % for Joint (Male and Female), 4.9 % For Joint (Female and Female) | Registration Charges: Male Ownership: 1%, Female Ownership: No registration charges,  Joint (Male + Female) Ownership: 1 % ",4,Apartment,3250.0,Super Built-up Area,19500000,True,Apr ‘26 possession,04-2026,,,Proptiger Marketing Services Pvt Ltd (Dealer) | Galaxy Space Realtors (RERA REGISTERED Dealer)
393896,The 31st,Residential,NEW LAUNCH,Ahmedabad West,Thaltej,Gujarat,23.053571703811,72.484523496425,"Thaltej, Ahmedabad West",380059,39859056,42109164,3.99 - 4.21 Cr,https://www.99acres.com/exidmicrosite/siteplan_g2c.php?live=2&g2c=1&xid_request=1&code=49272,True,4,"31-storey landmark offering elevated sky living | 31,000+ sq.ft. of exclusive recreational spaces | Only 3 residences per floor with 5 high-speed lifts | Unobstructed 360° panoramic views","Stamp Duty: 5.9 % for Male, 4.9 % for Female, 5.9 % for Joint (Male and Female), 4.9 % For Joint (Female and Female) | Registration Charges: Male Ownership: 1%, Female Ownership: No registration charges,  Joint (Male + Female) Ownership: 1 % ",4,Apartment,4464.0,Super Built-up Area,39859056,True,Dec ‘27 possession,12-2027,https://newprojects.99acres.com/projects/beverly_buildcon/beverly_the_31st/maps/peqll9li.jpg,https://www.99acres.com/exidmicrosite/property_2d3d_xid.php?projectCode=49272&bno=101&blockId=101458&fno=F1_101&measurement=1&jquery=1&compare=1&g2c=1&hide_button=1&switch_HD=1&platform=DESKTOP,AV REALTY (Dealer) | Harsh Vakil (Dealer) | Kunal Shah (RERA REGISTERED Dealer)
393896,The 31st,Residential,NEW LAUNCH,Ahmedabad West,Thaltej,Gujarat,23.053571703811,72.484523496425,"Thaltej, Ahmedabad West",380059,39859056,42109164,3.99 - 4.21 Cr,https://www.99acres.com/exidmicrosite/siteplan_g2c.php?live=2&g2c=1&xid_request=1&code=49272,True,4,"31-storey landmark offering elevated sky living | 31,000+ sq.ft. of exclusive recreational spaces | Only 3 residences per floor with 5 high-speed lifts | Unobstructed 360° panoramic views","Stamp Duty: 5.9 % for Male, 4.9 % for Female, 5.9 % for Joint (Male and Female), 4.9 % For Joint (Female and Female) | Registration Charges: Male Ownership: 1%, Female Ownership: No registration charges,  Joint (Male + Female) Ownership: 1 % ",4,Apartment,4716.0,Super Built-up Area,42109164,True,Dec ‘27 possession,12-2027,https://newprojects.99acres.com/projects/beverly_buildcon/beverly_the_31st/maps/u91yertm.png,https://www.99acres.com/exidmicrosite/property_2d3d_xid.php?projectCode=49272&bno=103&blockId=108048&fno=F1_103&measurement=1&jquery=1&compare=1&g2c=1&hide_button=1&switch_HD=1&platform=DESKTOP,AV REALTY (Dealer) | Harsh Vakil (Dealer) | Kunal Shah (RERA REGISTERED Dealer)
384222,Kavisha The Canvas,Residential,NEW LAUNCH,Ahmedabad West,Wapa,Gujarat,23.020851,72.429244,"Nr. Sanskardham, Kavisha Canvas Road, Ahmedabad, Gujarat 380058",0,9933000,23026500,99.33 L - 2.3 Cr,https://www.99acres.com/exidmicrosite/siteplan_g2c.php?live=2&g2c=1&xid_request=1&code=47755,True,"3,4,5","Unique U-shaped layout boosts visual appeal and functionality | Landscaped areas and clubhouse with pool promote premium recreation | Comprehensive security features ensure a safe, tranquil environment | High-density arrangement maximizes green spaces for community health","Stamp Duty: 5.9 % for Male, 4.9 % for Female, 5.9 % for Joint (Male and Female), 4.9 % For Joint (Female and Female) | Registration Charges: Male Ownership: 1%, Female Ownership: No registration charges,  Joint (Male + Female) Ownership: 1 % ",3,Apartment,2200.0,Super Built-up Area,9933000,True,May ‘25 possession,05-2025,https://newprojects.99acres.com/projects/kavisha_group/kavisha_atria_the_canvas/maps/8c5k3k4b.jpg,https://www.99acres.com/exidmicrosite/property_2d3d_xid.php?projectCode=47755&bno=104&blockId=98424&fno=F1_104&measurement=1&jquery=1&compare=1&g2c=1&hide_button=1&switch_HD=1&platform=DESKTOP,Navin (Dealer) | Daxesh Patel (RERA REGISTERED Dealer) | Parikh Realestate Management Pvt Ltd (RERA REGISTERED Dealer) | Tanishqua Reality (RERA REGISTERED Dealer)
384222,Kavisha The Canvas,Residential,NEW LAUNCH,Ahmedabad West,Wapa,Gujarat,23.020851,72.429244,"Nr. Sanskardham, Kavisha Canvas Road, Ahmedabad, Gujarat 380058",0,9933000,23026500,99.33 L - 2.3 Cr,https://www.99acres.com/exidmicrosite/siteplan_g2c.php?live=2&g2c=1&xid_request=1&code=47755,True,"3,4,5","Unique U-shaped layout boosts visual appeal and functionality | Landscaped areas and clubhouse with pool promote premium recreation | Comprehensive security features ensure a safe, tranquil environment | High-density arrangement maximizes green spaces for community health","Stamp Duty: 5.9 % for Male, 4.9 % for Female, 5.9 % for Joint (Male and Female), 4.9 % For Joint (Female and Female) | Registration Charges: Male Ownership: 1%, Female Ownership: No registration charges,  Joint (Male + Female) Ownership: 1 % ",4,Apartment,3300.0,Super Built-up Area,14899500,True,May ‘25 possession,05-2025,https://newprojects.99acres.com/projects/kavisha_group/kavisha_atria_the_canvas/maps/spkoqwtl.png,https://www.99acres.com/exidmicrosite/property_2d3d_xid.php?projectCode=47755&bno=101&blockId=98424&fno=F1_101&measurement=1&jquery=1&compare=1&g2c=1&hide_button=1&switch_HD=1&platform=DESKTOP,Navin (Dealer) | Daxesh Patel (RERA REGISTERED Dealer) | Parikh Realestate Management Pvt Ltd (RERA REGISTERED Dealer) | Tanishqua Reality (RERA REGISTERED Dealer)
384222,Kavisha The Canvas,Residential,NEW LAUNCH,Ahmedabad West,Wapa,Gujarat,23.020851,72.429244,"Nr. Sanskardham, Kavisha Canvas Road, Ahmedabad, Gujarat 380058",0,9933000,23026500,99.33 L - 2.3 Cr,https://www.99acres.com/exidmicrosite/siteplan_g2c.php?live=2&g2c=1&xid_request=1&code=47755,True,"3,4,5","Unique U-shaped layout boosts visual appeal and functionality | Landscaped areas and clubhouse with pool promote premium recreation | Comprehensive security features ensure a safe, tranquil environment | High-density arrangement maximizes green spaces for community health","Stamp Duty: 5.9 % for Male, 4.9 % for Female, 5.9 % for Joint (Male and Female), 4.9 % For Joint (Female and Female) | Registration Charges: Male Ownership: 1%, Female Ownership: No registration charges,  Joint (Male + Female) Ownership: 1 % ",4,Apartment,3600.0,Super Built-up Area,16254000,True,May ‘25 possession,05-2025,https://newprojects.99acres.com/projects/kavisha_group/kavisha_atria_the_canvas/maps/a7yq9377.jpg,https://www.99acres.com/exidmicrosite/property_2d3d_xid.php?projectCode=47755&bno=102&blockId=98424&fno=F1_102&measurement=1&jquery=1&compare=1&g2c=1&hide_button=1&switch_HD=1&platform=DESKTOP,Navin (Dealer) | Daxesh Patel (RERA REGISTERED Dealer) | Tanishqua Reality (RERA REGISTERED Dealer)
384222,Kavisha The Canvas,Residential,NEW LAUNCH,Ahmedabad West,Wapa,Gujarat,23.020851,72.429244,"Nr. Sanskardham, Kavisha Canvas Road, Ahmedabad, Gujarat 380058",0,9933000,23026500,99.33 L - 2.3 Cr,https://www.99acres.com/exidmicrosite/siteplan_g2c.php?live=2&g2c=1&xid_request=1&code=47755,True,"3,4,5","Unique U-shaped layout boosts visual appeal and functionality | Landscaped areas and clubhouse with pool promote premium recreation | Comprehensive security features ensure a safe, tranquil environment | High-density arrangement maximizes green spaces for community health","Stamp Duty: 5.9 % for Male, 4.9 % for Female, 5.9 % for Joint (Male and Female), 4.9 % For Joint (Female and Female) | Registration Charges: Male Ownership: 1%, Female Ownership: No registration charges,  Joint (Male + Female) Ownership: 1 % ",5,Apartment,5100.0,Super Built-up Area,23026500,True,May ‘25 possession,05-2025,https://newprojects.99acres.com/projects/kavisha_group/kavisha_atria_the_canvas/maps/puv4ufev.jpg,https://www.99acres.com/exidmicrosite/property_2d3d_xid.php?projectCode=47755&bno=103&blockId=98424&fno=F1_103&measurement=1&jquery=1&compare=1&g2c=1&hide_button=1&switch_HD=1&platform=DESKTOP,Navin (Dealer) | Daxesh Patel (RERA REGISTERED Dealer) | Parikh Realestate Management Pvt Ltd (RERA REGISTERED Dealer) | Tanishqua Reality (RERA REGISTERED Dealer)
404274,HR Eliseo,Residential,NEW LAUNCH,Ahmedabad West,Shela,Gujarat,23.005887,72.451612,"Shela, Ahmedabad West",382465,14124986,26058194,1.41 - 2.61 Cr,https://www.99acres.com/exidmicrosite/siteplan_g2c.php?live=2&g2c=1&xid_request=1&code=52239,True,4,Well-designed units with ample space and lighting | Prime location on a 2-road corner for accessibility and visibility | Each tower has 3 lifts for smooth vertical movement | 11.11% price appreciation in the last 1 year,"Stamp Duty: 5.9 % for Male, 4.9 % for Female, 5.9 % for Joint (Male and Female), 4.9 % For Joint (Female and Female) | Registration Charges: Male Ownership: 1%, Female Ownership: No registration charges,  Joint (Male + Female) Ownership: 1 % ",4,Apartment,1409.96,Carpet Area,14124986,True,Oct ‘26 possession,10-2026,https://newprojects.99acres.com/projects/hr_spacecon_llp/hr_eliseo/maps/c9kj3hf1.jpg,https://www.99acres.com/exidmicrosite/property_2d3d_xid.php?projectCode=52239&bno=101&blockId=108506&fno=F1_101&measurement=1&jquery=1&compare=1&g2c=1&hide_button=1&switch_HD=1&platform=DESKTOP,Proptiger Marketing Services Pvt Ltd (Dealer) | Daksh Realtors (Dealer)
404274,HR Eliseo,Residential,NEW LAUNCH,Ahmedabad West,Shela,Gujarat,23.005887,72.451612,"Shela, Ahmedabad West",382465,14124986,26058194,1.41 - 2.61 Cr,https://www.99acres.com/exidmicrosite/siteplan_g2c.php?live=2&g2c=1&xid_request=1&code=52239,True,4,Well-designed units with ample space and lighting | Prime location on a 2-road corner for accessibility and visibility | Each tower has 3 lifts for smooth vertical movement | 11.11% price appreciation in the last 1 year,"Stamp Duty: 5.9 % for Male, 4.9 % for Female, 5.9 % for Joint (Male and Female), 4.9 % For Joint (Female and Female) | Registration Charges: Male Ownership: 1%, Female Ownership: No registration charges,  Joint (Male + Female) Ownership: 1 % ",4,Apartment,2740.17,Carpet Area,26058194,True,Oct ‘26 possession,10-2026,https://imagecdn.99acres.com/projects/example/fbgqwzq_1752730781_620047009.jpg,,Proptiger Marketing Services Pvt Ltd (Dealer) | Daksh Realtors (Dealer)
431984,Goyal Orchid Regal,Residential,NEW LAUNCH,Ahmedabad West,Makarba,Gujarat,22.987948,72.489218,"Sarkhej, Ahmedabad West",380051,13509730,21907083,1.35 - 2.19 Cr,https://www.99acres.com/exidmicrosite/siteplan_g2c.php?live=2&g2c=1&xid_request=1&code=58932,True,3,"World-class dining, shopping, and education nearby | Pickleball courts, box cricket, and various indoor games, etc | Nestled in the prestigious Billionaire Street of Ahmedabad | Properties with 100% power backup available","Stamp Duty: 5.9 % for Male, 4.9 % for Female, 5.9 % for Joint (Male and Female), 4.9 % For Joint (Female and Female) | Registration Charges: Male Ownership: 1%, Female Ownership: No registration charges,  Joint (Male + Female) Ownership: 1 % ",3,Apartment,1117.8,Carpet Area,13509730,True,Dec ‘28 possession,12-2028,https://imagecdn.99acres.com/projects/example/fpkru4s_1738138462_565186171.jpg,https://www.99acres.com/exidmicrosite/property_2d3d_xid.php?projectCode=58932&bno=101&blockId=123036&fno=F1_101&measurement=1&jquery=1&compare=1&g2c=1&hide_button=1&switch_HD=1&platform=DESKTOP,PARTH LOHIA (RERA REGISTERED Dealer) | Soham Real Estate (RERA REGISTERED Dealer)
431984,Goyal Orchid Regal,Residential,NEW LAUNCH,Ahmedabad West,Makarba,Gujarat,22.987948,72.489218,"Sarkhej, Ahmedabad West",380051,13509730,21907083,1.35 - 2.19 Cr,https://www.99acres.com/exidmicrosite/siteplan_g2c.php?live=2&g2c=1&xid_request=1&code=58932,True,3,"World-class dining, shopping, and education nearby | Pickleball courts, box cricket, and various indoor games, etc | Nestled in the prestigious Billionaire Street of Ahmedabad | Properties with 100% power backup available","Stamp Duty: 5.9 % for Male, 4.9 % for Female, 5.9 % for Joint (Male and Female), 4.9 % For Joint (Female and Female) | Registration Charges: Male Ownership: 1%, Female Ownership: No registration charges,  Joint (Male + Female) Ownership: 1 % ",3,Apartment,1138.7,Carpet Area,13762328,True,Dec ‘28 possession,12-2028,https://imagecdn.99acres.com/projects/example/vnx0ftk_1738138496_565186357.jpg,https://www.99acres.com/exidmicrosite/property_2d3d_xid.php?projectCode=58932&bno=102&blockId=123036&fno=F1_102&measurement=1&jquery=1&compare=1&g2c=1&hide_button=1&switch_HD=1&platform=DESKTOP,PARTH LOHIA (RERA REGISTERED Dealer)
431984,Goyal Orchid Regal,Residential,NEW LAUNCH,Ahmedabad West,Makarba,Gujarat,22.987948,72.489218,"Sarkhej, Ahmedabad West",380051,13509730,21907083,1.35 - 2.19 Cr,https://www.99acres.com/exidmicrosite/siteplan_g2c.php?live=2&g2c=1&xid_request=1&code=58932,True,3,"World-class dining, shopping, and education nearby | Pickleball courts, box cricket, and various indoor games, etc | Nestled in the prestigious Billionaire Street of Ahmedabad | Properties with 100% power backup available","Stamp Duty: 5.9 % for Male, 4.9 % for Female, 5.9 % for Joint (Male and Female), 4.9 % For Joint (Female and Female) | Registration Charges: Male Ownership: 1%, Female Ownership: No registration charges,  Joint (Male + Female) Ownership: 1 % ",3,Apartment,1791.5,Carpet Area,21652069,True,Dec ‘28 possession,12-2028,,,PARTH LOHIA (RERA REGISTERED Dealer)
431984,Goyal Orchid Regal,Residential,NEW LAUNCH,Ahmedabad West,Makarba,Gujarat,22.987948,72.489218,"Sarkhej, Ahmedabad West",380051,13509730,21907083,1.35 - 2.19 Cr,https://www.99acres.com/exidmicrosite/siteplan_g2c.php?live=2&g2c=1&xid_request=1&code=58932,True,3,"World-class dining, shopping, and education nearby | Pickleball courts, box cricket, and various indoor games, etc | Nestled in the prestigious Billionaire Street of Ahmedabad | Properties with 100% power backup available","Stamp Duty: 5.9 % for Male, 4.9 % for Female, 5.9 % for Joint (Male and Female), 4.9 % For Joint (Female and Female) | Registration Charges: Male Ownership: 1%, Female Ownership: No registration charges,  Joint (Male + Female) Ownership: 1 % ",3,Apartment,1812.6,Carpet Area,21907083,True,Dec ‘28 possession,12-2028,,,PARTH LOHIA (RERA REGISTERED Dealer)
430025,Shaligram Sky,Residential,NEW LAUNCH,Ahmedabad West,Satellite,Gujarat,23.032654173344,72.511912332316,"Satellite, Ahmedabad West",380015,31500000,39900000,3.15 - 3.99 Cr,https://www.99acres.com/exidmicrosite/siteplan_g2c.php?live=2&g2c=1&xid_request=1&code=57241,True,4,"Experience prime 4 BHK luxury in the heart of Satellite, Ahmedabad | Access premium podium level amenities including a library and theater | Stay comfortable with advanced VRV air conditioning and digital locks | Get Unit of your choice","Stamp Duty: 5.9 % for Male, 4.9 % for Female, 5.9 % for Joint (Male and Female), 4.9 % For Joint (Female and Female) | Registration Charges: Male Ownership: 1%, Female Ownership: No registration charges,  Joint (Male + Female) Ownership: 1 % ",4,Apartment,1855.8,Carpet Area,31500000,True,Oct ‘29 possession,10-2029,https://newprojects.99acres.com/projects/shaligram_space/shaligram_sky/maps/ybsg0zb_1721217331_505183803_O.jpg,https://www.99acres.com/exidmicrosite/property_2d3d_xid.php?projectCode=57241&bno=101&blockId=124698&fno=F1_101&measurement=1&jquery=1&compare=1&g2c=1&hide_button=1&switch_HD=1&platform=DESKTOP,Krunal Kshatriya (Dealer) | ENCHANTING SPACES (RERA REGISTERED Dealer)
430025,Shaligram Sky,Residential,NEW LAUNCH,Ahmedabad West,Satellite,Gujarat,23.032654173344,72.511912332316,"Satellite, Ahmedabad West",380015,31500000,39900000,3.15 - 3.99 Cr,https://www.99acres.com/exidmicrosite/siteplan_g2c.php?live=2&g2c=1&xid_request=1&code=57241,True,4,"Experience prime 4 BHK luxury in the heart of Satellite, Ahmedabad | Access premium podium level amenities including a library and theater | Stay comfortable with advanced VRV air conditioning and digital locks | Get Unit of your choice","Stamp Duty: 5.9 % for Male, 4.9 % for Female, 5.9 % for Joint (Male and Female), 4.9 % For Joint (Female and Female) | Registration Charges: Male Ownership: 1%, Female Ownership: No registration charges,  Joint (Male + Female) Ownership: 1 % ",4,Apartment,2476.3,Carpet Area,39900000,True,Oct ‘29 possession,10-2029,https://newprojects.99acres.com/projects/shaligram_space/shaligram_sky/maps/lhm6wbd_1721217367_505183933_O.jpg,https://www.99acres.com/exidmicrosite/property_2d3d_xid.php?projectCode=57241&bno=102&blockId=119260&fno=F1_102&measurement=1&jquery=1&compare=1&g2c=1&hide_button=1&switch_HD=1&platform=DESKTOP,Krunal Kshatriya (Dealer) | ENCHANTING SPACES (RERA REGISTERED Dealer)
392363,Imperia Vista,Residential,NEW LAUNCH,Ahmedabad North,Zundal,Gujarat,23.136823430563,72.578377881326,"Imperia Vista,near Aditya Greens, Gandhinagar,Gandhinagar",382421,4892400,7500000,48.92 - 75 L,https://www.99acres.com/exidmicrosite/siteplan_g2c.php?live=2&g2c=1&xid_request=1&code=49037,True,"2,3","Double basement provides ample space for car parking  | Located on the main road for easy access to major destinations. | Equipped with paved roads, 3-phase electricity, and water pipelines | Offers 24/7 security, CCTV surveillance, and a compound wall","Stamp Duty: 5.9 % for Male, 4.9 % for Female, 5.9 % for Joint (Male and Female), 4.9 % For Joint (Female and Female) | Registration Charges: Male Ownership: 1%, Female Ownership: No registration charges,  Joint (Male + Female) Ownership: 1 % ",2,Apartment,1359.0,Super Built-up Area,4892400,True,Dec ‘24 possession,12-2024,https://newprojects.99acres.com/projects/smarak_realty/smarak_imperia_vista/maps/70pdyqbx.png,https://www.99acres.com/exidmicrosite/property_2d3d_xid.php?projectCode=49037&bno=101&blockId=100976&fno=F1_101&measurement=1&jquery=1&compare=1&g2c=1&hide_button=1&switch_HD=1&platform=DESKTOP,Mitesh Bagrecha (Dealer) | RAKESH PRAJAPATI (RERA REGISTERED Dealer) | Krishna Realty (RERA REGISTERED Dealer) | CITY SPACE REALTY (Dealer)
392363,Imperia Vista,Residential,NEW LAUNCH,Ahmedabad North,Zundal,Gujarat,23.136823430563,72.578377881326,"Imperia Vista,near Aditya Greens, Gandhinagar,Gandhinagar",382421,4892400,7500000,48.92 - 75 L,https://www.99acres.com/exidmicrosite/siteplan_g2c.php?live=2&g2c=1&xid_request=1&code=49037,True,"2,3","Double basement provides ample space for car parking  | Located on the main road for easy access to major destinations. | Equipped with paved roads, 3-phase electricity, and water pipelines | Offers 24/7 security, CCTV surveillance, and a compound wall","Stamp Duty: 5.9 % for Male, 4.9 % for Female, 5.9 % for Joint (Male and Female), 4.9 % For Joint (Female and Female) | Registration Charges: Male Ownership: 1%, Female Ownership: No registration charges,  Joint (Male + Female) Ownership: 1 % ",2,Apartment,1404.0,Super Built-up Area,5054400,True,Dec ‘24 possession,12-2024,https://newprojects.99acres.com/projects/smarak_realty/smarak_imperia_vista/maps/1c9awuk8.png,https://www.99acres.com/exidmicrosite/property_2d3d_xid.php?projectCode=49037&bno=102&blockId=100976&fno=F1_102&measurement=1&jquery=1&compare=1&g2c=1&hide_button=1&switch_HD=1&platform=DESKTOP,Mitesh Bagrecha (Dealer) | RAKESH PRAJAPATI (RERA REGISTERED Dealer) | Krishna Realty (RERA REGISTERED Dealer) | CITY SPACE REALTY (Dealer)
392363,Imperia Vista,Residential,NEW LAUNCH,Ahmedabad North,Zundal,Gujarat,23.136823430563,72.578377881326,"Imperia Vista,near Aditya Greens, Gandhinagar,Gandhinagar",382421,4892400,7500000,48.92 - 75 L,https://www.99acres.com/exidmicrosite/siteplan_g2c.php?live=2&g2c=1&xid_request=1&code=49037,True,"2,3","Double basement provides ample space for car parking  | Located on the main road for easy access to major destinations. | Equipped with paved roads, 3-phase electricity, and water pipelines | Offers 24/7 security, CCTV surveillance, and a compound wall","Stamp Duty: 5.9 % for Male, 4.9 % for Female, 5.9 % for Joint (Male and Female), 4.9 % For Joint (Female and Female) | Registration Charges: Male Ownership: 1%, Female Ownership: No registration charges,  Joint (Male + Female) Ownership: 1 % ",2,Apartment,1431.0,Super Built-up Area,5400000,True,Dec ‘24 possession,12-2024,https://newprojects.99acres.com/projects/smarak_realty/smarak_imperia_vista/maps/z7b9k129.png,https://www.99acres.com/exidmicrosite/property_2d3d_xid.php?projectCode=49037&bno=103&blockId=100976&fno=F1_103&measurement=1&jquery=1&compare=1&g2c=1&hide_button=1&switch_HD=1&platform=DESKTOP,Mitesh Bagrecha (Dealer) | RAKESH PRAJAPATI (RERA REGISTERED Dealer) | Krishna Realty (RERA REGISTERED Dealer) | CITY SPACE REALTY (Dealer) | BHAVESH PANDYA (Dealer)
392363,Imperia Vista,Residential,NEW LAUNCH,Ahmedabad North,Zundal,Gujarat,23.136823430563,72.578377881326,"Imperia Vista,near Aditya Greens, Gandhinagar,Gandhinagar",382421,4892400,7500000,48.92 - 75 L,https://www.99acres.com/exidmicrosite/siteplan_g2c.php?live=2&g2c=1&xid_request=1&code=49037,True,"2,3","Double basement provides ample space for car parking  | Located on the main road for easy access to major destinations. | Equipped with paved roads, 3-phase electricity, and water pipelines | Offers 24/7 security, CCTV surveillance, and a compound wall","Stamp Duty: 5.9 % for Male, 4.9 % for Female, 5.9 % for Joint (Male and Female), 4.9 % For Joint (Female and Female) | Registration Charges: Male Ownership: 1%, Female Ownership: No registration charges,  Joint (Male + Female) Ownership: 1 % ",2,Apartment,1440.0,Super Built-up Area,5184000,True,Dec ‘24 possession,12-2024,https://newprojects.99acres.com/projects/smarak_realty/smarak_imperia_vista/maps/ayicfttw.png,https://www.99acres.com/exidmicrosite/property_2d3d_xid.php?projectCode=49037&bno=104&blockId=100976&fno=F1_104&measurement=1&jquery=1&compare=1&g2c=1&hide_button=1&switch_HD=1&platform=DESKTOP,Mitesh Bagrecha (Dealer) | RAKESH PRAJAPATI (RERA REGISTERED Dealer) | Krishna Realty (RERA REGISTERED Dealer) | CITY SPACE REALTY (Dealer)
392363,Imperia Vista,Residential,NEW LAUNCH,Ahmedabad North,Zundal,Gujarat,23.136823430563,72.578377881326,"Imperia Vista,near Aditya Greens, Gandhinagar,Gandhinagar",382421,4892400,7500000,48.92 - 75 L,https://www.99acres.com/exidmicrosite/siteplan_g2c.php?live=2&g2c=1&xid_request=1&code=49037,True,"2,3","Double basement provides ample space for car parking  | Located on the main road for easy access to major destinations. | Equipped with paved roads, 3-phase electricity, and water pipelines | Offers 24/7 security, CCTV surveillance, and a compound wall","Stamp Duty: 5.9 % for Male, 4.9 % for Female, 5.9 % for Joint (Male and Female), 4.9 % For Joint (Female and Female) | Registration Charges: Male Ownership: 1%, Female Ownership: No registration charges,  Joint (Male + Female) Ownership: 1 % ",3,Apartment,1845.0,Super Built-up Area,7500000,True,Dec ‘24 possession,12-2024,https://newprojects.99acres.com/projects/smarak_realty/smarak_imperia_vista/maps/gmo29xma.png,https://www.99acres.com/exidmicrosite/property_2d3d_xid.php?projectCode=49037&bno=105&blockId=100976&fno=F1_105&measurement=1&jquery=1&compare=1&g2c=1&hide_button=1&switch_HD=1&platform=DESKTOP,Mitesh Bagrecha (Dealer) | RAKESH PRAJAPATI (RERA REGISTERED Dealer) | Krishna Realty (RERA REGISTERED Dealer) | CITY SPACE REALTY (Dealer) | BHAVESH PANDYA (Dealer)
392363,Imperia Vista,Residential,NEW LAUNCH,Ahmedabad North,Zundal,Gujarat,23.136823430563,72.578377881326,"Imperia Vista,near Aditya Greens, Gandhinagar,Gandhinagar",382421,4892400,7500000,48.92 - 75 L,https://www.99acres.com/exidmicrosite/siteplan_g2c.php?live=2&g2c=1&xid_request=1&code=49037,True,"2,3","Double basement provides ample space for car parking  | Located on the main road for easy access to major destinations. | Equipped with paved roads, 3-phase electricity, and water pipelines | Offers 24/7 security, CCTV surveillance, and a compound wall","Stamp Duty: 5.9 % for Male, 4.9 % for Female, 5.9 % for Joint (Male and Female), 4.9 % For Joint (Female and Female) | Registration Charges: Male Ownership: 1%, Female Ownership: No registration charges,  Joint (Male + Female) Ownership: 1 % ",3,Apartment,1842.0,Super Built-up Area,7487804,True,Dec ‘24 possession,12-2024,https://newprojects.99acres.com/projects/smarak_realty/smarak_imperia_vista/maps/vyc9sbp7.png,https://www.99acres.com/exidmicrosite/property_2d3d_xid.php?projectCode=49037&bno=106&blockId=100976&fno=F1_106&measurement=1&jquery=1&compare=1&g2c=1&hide_button=1&switch_HD=1&platform=DESKTOP,Mitesh Bagrecha (Dealer) | RAKESH PRAJAPATI (RERA REGISTERED Dealer) | Krishna Realty (RERA REGISTERED Dealer) | CITY SPACE REALTY (Dealer)
429129,MBA Om Elegance,Residential,NEW LAUNCH,Ahmedabad North,Zundal,Gujarat,23.138075,72.579853,"Zundal, Ahmedabad North",382421,8500000,8500000,85 L,https://www.99acres.com/exidmicrosite/siteplan_g2c.php?live=2&g2c=1&xid_request=1&code=58982,True,3,"Seating Balcony in all 3 Bedrooms, first time in Zundal | Solar PV Installations on terrace for sustainable energy | Spacious 106 residential units ensuring exclusivity and low density | Fully developed terrace with huge amenities & heat reflection tiles","Stamp Duty: 5.9 % for Male, 4.9 % for Female, 5.9 % for Joint (Male and Female), 4.9 % For Joint (Female and Female) | Registration Charges: Male Ownership: 1%, Female Ownership: No registration charges,  Joint (Male + Female) Ownership: 1 % ",3,Apartment,865.53,Carpet Area,8500000,True,Dec ‘28 possession,12-2028,https://imagecdn.99acres.com/projects/example/hlbqobx_1738309053_565737093.jpg,https://www.99acres.com/exidmicrosite/property_2d3d_xid.php?projectCode=58982&bno=101&blockId=123190&fno=F1_101&measurement=1&jquery=1&compare=1&g2c=1&hide_button=1&switch_HD=1&platform=DESKTOP,MR VINOD (Dealer) | Vijay Desai (Dealer) | Kintu Shah (Dealer)
429129,MBA Om Elegance,Residential,NEW LAUNCH,Ahmedabad North,Zundal,Gujarat,23.138075,72.579853,"Zundal, Ahmedabad North",382421,8500000,8500000,85 L,https://www.99acres.com/exidmicrosite/siteplan_g2c.php?live=2&g2c=1&xid_request=1&code=58982,True,3,"Seating Balcony in all 3 Bedrooms, first time in Zundal | Solar PV Installations on terrace for sustainable energy | Spacious 106 residential units ensuring exclusivity and low density | Fully developed terrace with huge amenities & heat reflection tiles","Stamp Duty: 5.9 % for Male, 4.9 % for Female, 5.9 % for Joint (Male and Female), 4.9 % For Joint (Female and Female) | Registration Charges: Male Ownership: 1%, Female Ownership: No registration charges,  Joint (Male + Female) Ownership: 1 % ",3,Apartment,870.48,Carpet Area,0,False,Dec ‘28 possession,12-2028,https://imagecdn.99acres.com/projects/example/tqdlsyo_1738309163_565738017.jpg,https://www.99acres.com/exidmicrosite/property_2d3d_xid.php?projectCode=58982&bno=102&blockId=123190&fno=F1_102&measurement=1&jquery=1&compare=1&g2c=1&hide_button=1&switch_HD=1&platform=DESKTOP,
450275,The Park By Parmeshwar,Residential,NEW LAUNCH,Ahmedabad North,Zundal,Gujarat,23.123353,72.568901,"Opp. Pancham Pentagon, , Gandhinagar, Gandhinagar, GUJARAT, 382421",382421,0,0,Price on Request,https://www.99acres.com/exidmicrosite/siteplan_g2c.php?live=2&g2c=1&xid_request=1&code=61216,True,"2,3",Lakefront living that mirrors your way of life | Over 27 lifestyle amenities for a fun and refined living | Provision for EV charging points | On-site shopping with 16 exclusive retail outlets,"Stamp Duty: 5.9 % for Male, 4.9 % for Female, 5.9 % for Joint (Male and Female), 4.9 % For Joint (Female and Female) | Registration Charges: Male Ownership: 1%, Female Ownership: No registration charges,  Joint (Male + Female) Ownership: 1 % ",2,Apartment,698.04,Carpet Area,0,False,,,https://imagecdn.99acres.com/projects/example/pjkozn1_1756279339_639336049.jpg,https://www.99acres.com/exidmicrosite/property_2d3d_xid.php?projectCode=61216&bno=101&blockId=128749&fno=F1_101&measurement=1&jquery=1&compare=1&g2c=1&hide_button=1&switch_HD=1&platform=DESKTOP,
450275,The Park By Parmeshwar,Residential,NEW LAUNCH,Ahmedabad North,Zundal,Gujarat,23.123353,72.568901,"Opp. Pancham Pentagon, , Gandhinagar, Gandhinagar, GUJARAT, 382421",382421,0,0,Price on Request,https://www.99acres.com/exidmicrosite/siteplan_g2c.php?live=2&g2c=1&xid_request=1&code=61216,True,"2,3",Lakefront living that mirrors your way of life | Over 27 lifestyle amenities for a fun and refined living | Provision for EV charging points | On-site shopping with 16 exclusive retail outlets,"Stamp Duty: 5.9 % for Male, 4.9 % for Female, 5.9 % for Joint (Male and Female), 4.9 % For Joint (Female and Female) | Registration Charges: Male Ownership: 1%, Female Ownership: No registration charges,  Joint (Male + Female) Ownership: 1 % ",2,Apartment,698.9,Carpet Area,0,False,Dec ‘29 possession,12-2029,https://imagecdn.99acres.com/projects/example/xhgram0_1756279404_639336563.jpg,https://www.99acres.com/exidmicrosite/property_2d3d_xid.php?projectCode=61216&bno=102&blockId=128749&fno=F1_102&measurement=1&jquery=1&compare=1&g2c=1&hide_button=1&switch_HD=1&platform=DESKTOP,
450275,The Park By Parmeshwar,Residential,NEW LAUNCH,Ahmedabad North,Zundal,Gujarat,23.123353,72.568901,"Opp. Pancham Pentagon, , Gandhinagar, Gandhinagar, GUJARAT, 382421",382421,0,0,Price on Request,https://www.99acres.com/exidmicrosite/siteplan_g2c.php?live=2&g2c=1&xid_request=1&code=61216,True,"2,3",Lakefront living that mirrors your way of life | Over 27 lifestyle amenities for a fun and refined living | Provision for EV charging points | On-site shopping with 16 exclusive retail outlets,"Stamp Duty: 5.9 % for Male, 4.9 % for Female, 5.9 % for Joint (Male and Female), 4.9 % For Joint (Female and Female) | Registration Charges: Male Ownership: 1%, Female Ownership: No registration charges,  Joint (Male + Female) Ownership: 1 % ",2,Apartment,730.87,Carpet Area,0,False,Dec ‘29 possession,12-2029,https://imagecdn.99acres.com/projects/example/l0fuz1t_1756279492_639336959.jpg,https://www.99acres.com/exidmicrosite/property_2d3d_xid.php?projectCode=61216&bno=103&blockId=128749&fno=F1_103&measurement=1&jquery=1&compare=1&g2c=1&hide_button=1&switch_HD=1&platform=DESKTOP,
450275,The Park By Parmeshwar,Residential,NEW LAUNCH,Ahmedabad North,Zundal,Gujarat,23.123353,72.568901,"Opp. Pancham Pentagon, , Gandhinagar, Gandhinagar, GUJARAT, 382421",382421,0,0,Price on Request,https://www.99acres.com/exidmicrosite/siteplan_g2c.php?live=2&g2c=1&xid_request=1&code=61216,True,"2,3",Lakefront living that mirrors your way of life | Over 27 lifestyle amenities for a fun and refined living | Provision for EV charging points | On-site shopping with 16 exclusive retail outlets,"Stamp Duty: 5.9 % for Male, 4.9 % for Female, 5.9 % for Joint (Male and Female), 4.9 % For Joint (Female and Female) | Registration Charges: Male Ownership: 1%, Female Ownership: No registration charges,  Joint (Male + Female) Ownership: 1 % ",2,Apartment,769.51,Carpet Area,0,False,Dec ‘29 possession,12-2029,https://imagecdn.99acres.com/projects/example/dd0h5ly_1756279526_639337149.jpg,https://www.99acres.com/exidmicrosite/property_2d3d_xid.php?projectCode=61216&bno=106&blockId=128749&fno=F1_106&measurement=1&jquery=1&compare=1&g2c=1&hide_button=1&switch_HD=1&platform=DESKTOP,
450275,The Park By Parmeshwar,Residential,NEW LAUNCH,Ahmedabad North,Zundal,Gujarat,23.123353,72.568901,"Opp. Pancham Pentagon, , Gandhinagar, Gandhinagar, GUJARAT, 382421",382421,0,0,Price on Request,https://www.99acres.com/exidmicrosite/siteplan_g2c.php?live=2&g2c=1&xid_request=1&code=61216,True,"2,3",Lakefront living that mirrors your way of life | Over 27 lifestyle amenities for a fun and refined living | Provision for EV charging points | On-site shopping with 16 exclusive retail outlets,"Stamp Duty: 5.9 % for Male, 4.9 % for Female, 5.9 % for Joint (Male and Female), 4.9 % For Joint (Female and Female) | Registration Charges: Male Ownership: 1%, Female Ownership: No registration charges,  Joint (Male + Female) Ownership: 1 % ",2,Apartment,965.63,Carpet Area,0,False,Dec ‘29 possession,12-2029,https://imagecdn.99acres.com/projects/example/2oiewdc_1756279560_639337565.jpg,https://www.99acres.com/exidmicrosite/property_2d3d_xid.php?projectCode=61216&bno=107&blockId=128749&fno=F1_107&measurement=1&jquery=1&compare=1&g2c=1&hide_button=1&switch_HD=1&platform=DESKTOP,
450275,The Park By Parmeshwar,Residential,NEW LAUNCH,Ahmedabad North,Zundal,Gujarat,23.123353,72.568901,"Opp. Pancham Pentagon, , Gandhinagar, Gandhinagar, GUJARAT, 382421",382421,0,0,Price on Request,https://www.99acres.com/exidmicrosite/siteplan_g2c.php?live=2&g2c=1&xid_request=1&code=61216,True,"2,3",Lakefront living that mirrors your way of life | Over 27 lifestyle amenities for a fun and refined living | Provision for EV charging points | On-site shopping with 16 exclusive retail outlets,"Stamp Duty: 5.9 % for Male, 4.9 % for Female, 5.9 % for Joint (Male and Female), 4.9 % For Joint (Female and Female) | Registration Charges: Male Ownership: 1%, Female Ownership: No registration charges,  Joint (Male + Female) Ownership: 1 % ",3,Apartment,1117.83,Carpet Area,0,False,Dec ‘29 possession,12-2029,https://imagecdn.99acres.com/projects/example/kdgape1_1756279302_639335749.jpg,https://www.99acres.com/exidmicrosite/property_2d3d_xid.php?projectCode=61216&bno=104&blockId=128749&fno=F1_104&measurement=1&jquery=1&compare=1&g2c=1&hide_button=1&switch_HD=1&platform=DESKTOP,
450275,The Park By Parmeshwar,Residential,NEW LAUNCH,Ahmedabad North,Zundal,Gujarat,23.123353,72.568901,"Opp. Pancham Pentagon, , Gandhinagar, Gandhinagar, GUJARAT, 382421",382421,0,0,Price on Request,https://www.99acres.com/exidmicrosite/siteplan_g2c.php?live=2&g2c=1&xid_request=1&code=61216,True,"2,3",Lakefront living that mirrors your way of life | Over 27 lifestyle amenities for a fun and refined living | Provision for EV charging points | On-site shopping with 16 exclusive retail outlets,"Stamp Duty: 5.9 % for Male, 4.9 % for Female, 5.9 % for Joint (Male and Female), 4.9 % For Joint (Female and Female) | Registration Charges: Male Ownership: 1%, Female Ownership: No registration charges,  Joint (Male + Female) Ownership: 1 % ",3,Apartment,1318.04,Carpet Area,0,False,Dec ‘29 possession,12-2029,https://imagecdn.99acres.com/projects/example/rfyjuu2_1756279265_639335295.jpg,https://www.99acres.com/exidmicrosite/property_2d3d_xid.php?projectCode=61216&bno=105&blockId=128749&fno=F1_105&measurement=1&jquery=1&compare=1&g2c=1&hide_button=1&switch_HD=1&platform=DESKTOP,
402982,Gala Ikebana,Residential,NEW LAUNCH,Ahmedabad West,Bodakdev,Gujarat,23.0395628765,72.504372232801,Ahmedabad,380054,65058841,106852400,6.51 - 10.69 Cr,https://www.99acres.com/exidmicrosite/siteplan_g2c.php?live=2&g2c=1&xid_request=1&code=51603,True,"4,5",Well connected with National highway 147 with the distance of 1.3 km | Thaltej metro station at the distance of 2 km | Ambli Road Railway Station only at the distance of 2.8 km | Shalby Multi-Specialty Hospitals at the distance of 3.1 km ,"Stamp Duty: 5.9 % for Male, 4.9 % for Female, 5.9 % for Joint (Male and Female), 4.9 % For Joint (Female and Female) | Registration Charges: Male Ownership: 1%, Female Ownership: No registration charges,  Joint (Male + Female) Ownership: 1 % ",4,Apartment,3317.2,Carpet Area,65058841,True,Jul ‘27 possession,07-2027,https://imagecdn.99acres.com/projects/example/joxzium_1750930003_611942457.jpg,https://www.99acres.com/exidmicrosite/property_2d3d_xid.php?projectCode=51603&bno=102&blockId=106246&fno=F1_102&measurement=1&jquery=1&compare=1&g2c=1&hide_button=1&switch_HD=1&platform=DESKTOP,Parikh Realestate Management Pvt Ltd (RERA REGISTERED Dealer) | Kunal Shah (RERA REGISTERED Dealer)
402982,Gala Ikebana,Residential,NEW LAUNCH,Ahmedabad West,Bodakdev,Gujarat,23.0395628765,72.504372232801,Ahmedabad,380054,65058841,106852400,6.51 - 10.69 Cr,https://www.99acres.com/exidmicrosite/siteplan_g2c.php?live=2&g2c=1&xid_request=1&code=51603,True,"4,5",Well connected with National highway 147 with the distance of 1.3 km | Thaltej metro station at the distance of 2 km | Ambli Road Railway Station only at the distance of 2.8 km | Shalby Multi-Specialty Hospitals at the distance of 3.1 km ,"Stamp Duty: 5.9 % for Male, 4.9 % for Female, 5.9 % for Joint (Male and Female), 4.9 % For Joint (Female and Female) | Registration Charges: Male Ownership: 1%, Female Ownership: No registration charges,  Joint (Male + Female) Ownership: 1 % ",4,Apartment,3979.26,Carpet Area,78043151,True,Jul ‘27 possession,07-2027,https://newprojects.99acres.com/projects/gala_group/gala_ikebana/maps/es755dgm.png,,Parikh Realestate Management Pvt Ltd (RERA REGISTERED Dealer) | Kunal Shah (RERA REGISTERED Dealer)
402982,Gala Ikebana,Residential,NEW LAUNCH,Ahmedabad West,Bodakdev,Gujarat,23.0395628765,72.504372232801,Ahmedabad,380054,65058841,106852400,6.51 - 10.69 Cr,https://www.99acres.com/exidmicrosite/siteplan_g2c.php?live=2&g2c=1&xid_request=1&code=51603,True,"4,5",Well connected with National highway 147 with the distance of 1.3 km | Thaltej metro station at the distance of 2 km | Ambli Road Railway Station only at the distance of 2.8 km | Shalby Multi-Specialty Hospitals at the distance of 3.1 km ,"Stamp Duty: 5.9 % for Male, 4.9 % for Female, 5.9 % for Joint (Male and Female), 4.9 % For Joint (Female and Female) | Registration Charges: Male Ownership: 1%, Female Ownership: No registration charges,  Joint (Male + Female) Ownership: 1 % ",4,Apartment,3982.81,Carpet Area,78101992,True,Jul ‘27 possession,07-2027,https://newprojects.99acres.com/projects/gala_group/gala_ikebana/maps/bfrrq6x6.png,,Parikh Realestate Management Pvt Ltd (RERA REGISTERED Dealer) | Kunal Shah (RERA REGISTERED Dealer)
402982,Gala Ikebana,Residential,NEW LAUNCH,Ahmedabad West,Bodakdev,Gujarat,23.0395628765,72.504372232801,Ahmedabad,380054,65058841,106852400,6.51 - 10.69 Cr,https://www.99acres.com/exidmicrosite/siteplan_g2c.php?live=2&g2c=1&xid_request=1&code=51603,True,"4,5",Well connected with National highway 147 with the distance of 1.3 km | Thaltej metro station at the distance of 2 km | Ambli Road Railway Station only at the distance of 2.8 km | Shalby Multi-Specialty Hospitals at the distance of 3.1 km ,"Stamp Duty: 5.9 % for Male, 4.9 % for Female, 5.9 % for Joint (Male and Female), 4.9 % For Joint (Female and Female) | Registration Charges: Male Ownership: 1%, Female Ownership: No registration charges,  Joint (Male + Female) Ownership: 1 % ",4,Apartment,3987.12,Carpet Area,78200061,True,Jul ‘27 possession,07-2027,https://newprojects.99acres.com/projects/gala_group/gala_ikebana/maps/mqr3wx38.png,,Parikh Realestate Management Pvt Ltd (RERA REGISTERED Dealer) | Kunal Shah (RERA REGISTERED Dealer)
402982,Gala Ikebana,Residential,NEW LAUNCH,Ahmedabad West,Bodakdev,Gujarat,23.0395628765,72.504372232801,Ahmedabad,380054,65058841,106852400,6.51 - 10.69 Cr,https://www.99acres.com/exidmicrosite/siteplan_g2c.php?live=2&g2c=1&xid_request=1&code=51603,True,"4,5",Well connected with National highway 147 with the distance of 1.3 km | Thaltej metro station at the distance of 2 km | Ambli Road Railway Station only at the distance of 2.8 km | Shalby Multi-Specialty Hospitals at the distance of 3.1 km ,"Stamp Duty: 5.9 % for Male, 4.9 % for Female, 5.9 % for Joint (Male and Female), 4.9 % For Joint (Female and Female) | Registration Charges: Male Ownership: 1%, Female Ownership: No registration charges,  Joint (Male + Female) Ownership: 1 % ",5,Apartment,5379.25,Carpet Area,91304060,True,Jul ‘27 possession,07-2027,https://newprojects.99acres.com/projects/gala_group/gala_ikebana/maps/qzkkr0w_1713428031_486938324.jpg,https://www.99acres.com/exidmicrosite/property_2d3d_xid.php?projectCode=51603&bno=114&blockId=106246&fno=F1_114&measurement=1&jquery=1&compare=1&g2c=1&hide_button=1&switch_HD=1&platform=DESKTOP,Parikh Realestate Management Pvt Ltd (RERA REGISTERED Dealer) | Kunal Shah (RERA REGISTERED Dealer)
402982,Gala Ikebana,Residential,NEW LAUNCH,Ahmedabad West,Bodakdev,Gujarat,23.0395628765,72.504372232801,Ahmedabad,380054,65058841,106852400,6.51 - 10.69 Cr,https://www.99acres.com/exidmicrosite/siteplan_g2c.php?live=2&g2c=1&xid_request=1&code=51603,True,"4,5",Well connected with National highway 147 with the distance of 1.3 km | Thaltej metro station at the distance of 2 km | Ambli Road Railway Station only at the distance of 2.8 km | Shalby Multi-Specialty Hospitals at the distance of 3.1 km ,"Stamp Duty: 5.9 % for Male, 4.9 % for Female, 5.9 % for Joint (Male and Female), 4.9 % For Joint (Female and Female) | Registration Charges: Male Ownership: 1%, Female Ownership: No registration charges,  Joint (Male + Female) Ownership: 1 % ",5,Apartment,5383.12,Carpet Area,91371957,True,Jul ‘27 possession,07-2027,https://newprojects.99acres.com/projects/gala_group/gala_ikebana/maps/jahhgur_1713428031_486938332.jpg,https://www.99acres.com/exidmicrosite/property_2d3d_xid.php?projectCode=51603&bno=112&blockId=106246&fno=F1_112&measurement=1&jquery=1&compare=1&g2c=1&hide_button=1&switch_HD=1&platform=DESKTOP,Parikh Realestate Management Pvt Ltd (RERA REGISTERED Dealer) | Kunal Shah (RERA REGISTERED Dealer)
402982,Gala Ikebana,Residential,NEW LAUNCH,Ahmedabad West,Bodakdev,Gujarat,23.0395628765,72.504372232801,Ahmedabad,380054,65058841,106852400,6.51 - 10.69 Cr,https://www.99acres.com/exidmicrosite/siteplan_g2c.php?live=2&g2c=1&xid_request=1&code=51603,True,"4,5",Well connected with National highway 147 with the distance of 1.3 km | Thaltej metro station at the distance of 2 km | Ambli Road Railway Station only at the distance of 2.8 km | Shalby Multi-Specialty Hospitals at the distance of 3.1 km ,"Stamp Duty: 5.9 % for Male, 4.9 % for Female, 5.9 % for Joint (Male and Female), 4.9 % For Joint (Female and Female) | Registration Charges: Male Ownership: 1%, Female Ownership: No registration charges,  Joint (Male + Female) Ownership: 1 % ",5,Apartment,6278.0,Carpet Area,106563839,True,Jul ‘27 possession,07-2027,https://newprojects.99acres.com/projects/gala_group/gala_ikebana/maps/2xens8i_1713428031_486938328.jpg,https://www.99acres.com/exidmicrosite/property_2d3d_xid.php?projectCode=51603&bno=113&blockId=106246&fno=F1_113&measurement=1&jquery=1&compare=1&g2c=1&hide_button=1&switch_HD=1&platform=DESKTOP,Parikh Realestate Management Pvt Ltd (RERA REGISTERED Dealer) | Kunal Shah (RERA REGISTERED Dealer)
402982,Gala Ikebana,Residential,NEW LAUNCH,Ahmedabad West,Bodakdev,Gujarat,23.0395628765,72.504372232801,Ahmedabad,380054,65058841,106852400,6.51 - 10.69 Cr,https://www.99acres.com/exidmicrosite/siteplan_g2c.php?live=2&g2c=1&xid_request=1&code=51603,True,"4,5",Well connected with National highway 147 with the distance of 1.3 km | Thaltej metro station at the distance of 2 km | Ambli Road Railway Station only at the distance of 2.8 km | Shalby Multi-Specialty Hospitals at the distance of 3.1 km ,"Stamp Duty: 5.9 % for Male, 4.9 % for Female, 5.9 % for Joint (Male and Female), 4.9 % For Joint (Female and Female) | Registration Charges: Male Ownership: 1%, Female Ownership: No registration charges,  Joint (Male + Female) Ownership: 1 % ",5,Apartment,6295.0,Carpet Area,106852400,True,Jul ‘27 possession,07-2027,https://newprojects.99acres.com/projects/gala_group/gala_ikebana/maps/ug9u0jy_1713428031_486938326.jpg,https://www.99acres.com/exidmicrosite/property_2d3d_xid.php?projectCode=51603&bno=115&blockId=106246&fno=F1_115&measurement=1&jquery=1&compare=1&g2c=1&hide_button=1&switch_HD=1&platform=DESKTOP,Parikh Realestate Management Pvt Ltd (RERA REGISTERED Dealer) | Kunal Shah (RERA REGISTERED Dealer)
402982,Gala Ikebana,Residential,NEW LAUNCH,Ahmedabad West,Bodakdev,Gujarat,23.0395628765,72.504372232801,Ahmedabad,380054,65058841,106852400,6.51 - 10.69 Cr,https://www.99acres.com/exidmicrosite/siteplan_g2c.php?live=2&g2c=1&xid_request=1&code=51603,True,"4,5",Well connected with National highway 147 with the distance of 1.3 km | Thaltej metro station at the distance of 2 km | Ambli Road Railway Station only at the distance of 2.8 km | Shalby Multi-Specialty Hospitals at the distance of 3.1 km ,"Stamp Duty: 5.9 % for Male, 4.9 % for Female, 5.9 % for Joint (Male and Female), 4.9 % For Joint (Female and Female) | Registration Charges: Male Ownership: 1%, Female Ownership: No registration charges,  Joint (Male + Female) Ownership: 1 % ",5,Apartment,4065.99,Carpet Area,0,False,Jul ‘27 possession,07-2027,https://imagecdn.99acres.com/projects/example/qlxwrr2_1750930039_611942809.jpg,https://www.99acres.com/exidmicrosite/property_2d3d_xid.php?projectCode=51603&bno=108&blockId=106246&fno=F1_108&measurement=1&jquery=1&compare=1&g2c=1&hide_button=1&switch_HD=1&platform=DESKTOP,
